{"Logistic Regression": {"Accuracy": 85.97, "Precision": 85.97, "Recall": 85.97, "F1 Score": 85.97}, "Decision Tree": {"Accuracy": 65.38000000000001, "Precision": 65.38000000000001, "Recall": 65.38000000000001, "F1 Score": 65.38000000000001}, "Random Forest": {"Accuracy": 83.94, "Precision": 83.94, "Recall": 83.94, "F1 Score": 83.94}, "Naive Bayes": {"Accuracy": 90.05, "Precision": 90.05, "Recall": 90.05, "F1 Score": 90.05}, "KNN": {"Accuracy": 77.14999999999999, "Precision": 77.14999999999999, "Recall": 77.14999999999999, "F1 Score": 77.14999999999999}, "Linear SVM": {"Accuracy": 75.33999999999999, "Precision": 75.33999999999999, "Recall": 75.33999999999999, "F1 Score": 75.33999999999999}, "Kernel SVM": {"Accuracy": 82.35, "Precision": 82.35, "Recall": 82.35, "F1 Score": 82.35}, "SGD": {"Accuracy": 90.5, "Precision": 90.5, "Recall": 90.5, "F1 Score": 90.5}}