{"Logistic Regression": {"Accuracy": 86.2, "Precision": 86.2, "Recall": 86.2, "F1 Score": 86.2}, "Decision Tree": {"Accuracy": 65.38000000000001, "Precision": 65.38000000000001, "Recall": 65.38000000000001, "F1 Score": 65.38000000000001}, "Random Forest": {"Accuracy": 84.61999999999999, "Precision": 84.61999999999999, "Recall": 84.61999999999999, "F1 Score": 84.61999999999999}, "Naive Bayes": {"Accuracy": 89.82, "Precision": 89.82, "Recall": 89.82, "F1 Score": 89.82}, "KNN": {"Accuracy": 76.7, "Precision": 76.7, "Recall": 76.7, "F1 Score": 76.7}, "Linear SVM": {"Accuracy": 79.64, "Precision": 79.64, "Recall": 79.64, "F1 Score": 79.64}, "Kernel SVM": {"Accuracy": 84.39, "Precision": 84.39, "Recall": 84.39, "F1 Score": 84.39}, "SGD": {"Accuracy": 90.72, "Precision": 90.72, "Recall": 90.72, "F1 Score": 90.72}}