{"Logistic Regression": {"Accuracy": 88.24, "Precision": 88.24, "Recall": 88.24, "F1 Score": 88.24}, "Decision Tree": {"Accuracy": 65.38000000000001, "Precision": 65.38000000000001, "Recall": 65.38000000000001, "F1 Score": 65.38000000000001}, "Random Forest": {"Accuracy": 86.2, "Precision": 86.2, "Recall": 86.2, "F1 Score": 86.2}, "Naive Bayes": {"Accuracy": 88.01, "Precision": 88.01, "Recall": 88.01, "F1 Score": 88.01}, "KNN": {"Accuracy": 79.19, "Precision": 79.19, "Recall": 79.19, "F1 Score": 79.19}, "Linear SVM": {"Accuracy": 83.94, "Precision": 83.94, "Recall": 83.94, "F1 Score": 83.94}, "Kernel SVM": {"Accuracy": 87.33, "Precision": 87.33, "Recall": 87.33, "F1 Score": 87.33}, "SGD": {"Accuracy": 89.37, "Precision": 89.37, "Recall": 89.37, "F1 Score": 89.37}}