{"Logistic Regression": {"Accuracy": 93.19, "Precision": 93.19, "Recall": 93.19, "F1 Score": 93.19}, "Decision Tree": {"Accuracy": 63.949999999999996, "Precision": 63.949999999999996, "Recall": 63.949999999999996, "F1 Score": 63.949999999999996}, "Random Forest": {"Accuracy": 95.85000000000001, "Precision": 95.85000000000001, "Recall": 95.85000000000001, "F1 Score": 95.85000000000001}, "Naive Bayes": {"Accuracy": 92.86, "Precision": 92.86, "Recall": 92.86, "F1 Score": 92.86}, "KNN": {"Accuracy": 80.07, "Precision": 80.07, "Recall": 80.07, "F1 Score": 80.07}, "Linear SVM": {"Accuracy": 88.87, "Precision": 88.87, "Recall": 88.87, "F1 Score": 88.87}, "Kernel SVM": {"Accuracy": 92.36, "Precision": 92.36, "Recall": 92.36, "F1 Score": 92.36}, "SGD": {"Accuracy": 95.50999999999999, "Precision": 95.50999999999999, "Recall": 95.50999999999999, "F1 Score": 95.50999999999999}}