{"Logistic Regression": {"Accuracy": 92.52, "Precision": 92.52, "Recall": 92.52, "F1 Score": 92.52}, "Decision Tree": {"Accuracy": 63.949999999999996, "Precision": 63.949999999999996, "Recall": 63.949999999999996, "F1 Score": 63.949999999999996}, "Random Forest": {"Accuracy": 96.17999999999999, "Precision": 96.17999999999999, "Recall": 96.17999999999999, "F1 Score": 96.17999999999999}, "Naive Bayes": {"Accuracy": 96.17999999999999, "Precision": 96.17999999999999, "Recall": 96.17999999999999, "F1 Score": 96.17999999999999}, "KNN": {"Accuracy": 81.06, "Precision": 81.06, "Recall": 81.06, "F1 Score": 81.06}, "Linear SVM": {"Accuracy": 87.21, "Precision": 87.21, "Recall": 87.21, "F1 Score": 87.21}, "Kernel SVM": {"Accuracy": 91.53, "Precision": 91.53, "Recall": 91.53, "F1 Score": 91.53}, "SGD": {"Accuracy": 97.34, "Precision": 97.34, "Recall": 97.34, "F1 Score": 97.34}}