{"Logistic Regression": {"Accuracy": 91.86, "Precision": 91.86, "Recall": 91.86, "F1 Score": 91.86}, "Decision Tree": {"Accuracy": 63.949999999999996, "Precision": 63.949999999999996, "Recall": 63.949999999999996, "F1 Score": 63.949999999999996}, "Random Forest": {"Accuracy": 96.35000000000001, "Precision": 96.35000000000001, "Recall": 96.35000000000001, "F1 Score": 96.35000000000001}, "Naive Bayes": {"Accuracy": 95.67999999999999, "Precision": 95.67999999999999, "Recall": 95.67999999999999, "F1 Score": 95.67999999999999}, "KNN": {"Accuracy": 80.73, "Precision": 80.73, "Recall": 80.73, "F1 Score": 80.73}, "Linear SVM": {"Accuracy": 84.55, "Precision": 84.55, "Recall": 84.55, "F1 Score": 84.55}, "Kernel SVM": {"Accuracy": 90.36999999999999, "Precision": 90.36999999999999, "Recall": 90.36999999999999, "F1 Score": 90.36999999999999}, "SGD": {"Accuracy": 97.00999999999999, "Precision": 97.00999999999999, "Recall": 97.00999999999999, "F1 Score": 97.00999999999999}}